{"cameraMode":{"drawMode":0,"name":"Shaded","section":"Shading Mode"},"sceneLighting":true,"audioPlay":false,"sceneViewState":{"showFog":true,"showMaterialUpdate":false,"showSkybox":true,"showFlares":true,"showImageEffects":true,"showParticleSystems":true},"in2DMode":false,"pivot":{"x":3.920600175857544,"y":-2.9895377159118654,"z":1.1305623054504395},"rotation":{"x":-0.2515987455844879,"y":-0.0240976233035326,"z":0.00626762118190527,"w":-0.9675238728523254},"size":7.294554233551025,"orthographic":false}