{"cameraMode":{"drawMode":0,"name":"Shaded","section":"Shading Mode"},"sceneLighting":false,"audioPlay":false,"sceneViewState":{"showFog":true,"showMaterialUpdate":false,"showSkybox":true,"showFlares":true,"showImageEffects":true,"showParticleSystems":true},"in2DMode":false,"pivot":{"x":2.840972900390625,"y":1.575268268585205,"z":-2.5961756706237795},"rotation":{"x":0.11614247411489487,"y":-0.18538962304592133,"z":0.02207130938768387,"w":0.9755303859710693},"size":1.6234335899353028,"orthographic":false}